CCN REGCESS;CCAA;PROVINCIAS;ÁREA DE SALUD;ZONA BÁSICA DE SALUD;MUNICIPIO;TIPO CENTRO;NOMBRE;DIRECCION;CP;LOCALIDAD;TELEFONO;DEPENDENCIA DE GESTIÓN;MODALIDAD DE GESTIÓN;ACREDITACIÓN DOCENTE POSTGRADUADA
1648000964.0;PAÍS VASCO;BIZKAIA;OSI ARABA;NORTE-LEGUTIANO;Otxandio;CONSULTORIO LOCAL;OTXANDIO;CL UDALETXE, S/N;48210;OTXANDIO;945450941;SERVICIO VASCO DE SALUD - OSAKIDEZTA;Pública Directa;NO
1648000965.0;PAÍS VASCO;BIZKAIA;OSI ARABA;NORTE-LEGUTIANO;Ubide;CONSULTORIO LOCAL;UBIDEA;BAJOS DEL AYUNTAMIENTO, S/N;48145;UBIDEA;945385014;SERVICIO VASCO DE SALUD - OSAKIDEZTA;Pública Directa;NO
1648000897.0;PAÍS VASCO;BIZKAIA;OSI BARAKALDO - SESTAO;LA PAZ;Barakaldo;CENTRO SALUD;LA PAZ;CL LA PAZ, S/N;48903;BARAKALDO;944999990;SERVICIO VASCO DE SALUD - OSAKIDEZTA;Pública Directa;Familia y Comunitaria:Medicina, Obstrético-Ginecología:Enfermería (Matronas), Familia y Comunitaria:Enfermeria
1648004925.0;PAÍS VASCO;BIZKAIA;OSI BARAKALDO - SESTAO;LA PAZ;Barakaldo;CONSULTORIO LOCAL;RETUERTO;CL RETUERTO, Nº 4;48903;BARAKALDO;944595940;SERVICIO VASCO DE SALUD - OSAKIDEZTA;Pública Directa;NO
1648000865.0;PAÍS VASCO;BIZKAIA;OSI BARAKALDO - SESTAO;LUTXANA;Barakaldo;CENTRO SALUD;LUTXANA;CL TEIXIDOR, S/N;48903;BARAKALDO;946007900;SERVICIO VASCO DE SALUD - OSAKIDEZTA;Pública Directa;Familia y Comunitaria:Medicina, Obstrético-Ginecología:Enfermería (Matronas), Familia y Comunitaria:Enfermeria
1648002470.0;PAÍS VASCO;BIZKAIA;OSI BARAKALDO - SESTAO;RONTEGI;Barakaldo;CENTRO SALUD;RONTEGI;ARRONTEGI, Nº 12;48901;BARAKALDO;946007770;SERVICIO VASCO DE SALUD - OSAKIDEZTA;Pública Directa;Familia y Comunitaria:Medicina, Familia y Comunitaria:Enfermeria
1648000895.0;PAÍS VASCO;BIZKAIA;OSI BARAKALDO - SESTAO;SAN VICENTE;Barakaldo;CENTRO SALUD;SAN VICENTE;ELEJALDE, S/N;48902;BARAKALDO;946007940;SERVICIO VASCO DE SALUD - OSAKIDEZTA;Pública Directa;Familia y Comunitaria:Medicina, Pediátrica:Enfermería, Pediátrica:Medicina, Obstrético-Ginecología:Enfermería (Matronas), Familia y Comunitaria:Enfermeria
1648000864.0;PAÍS VASCO;BIZKAIA;OSI BARAKALDO - SESTAO;SESTAO KUETO;Sestao;CENTRO SALUD;KUETO;CL GRAN VIA DE JOSE ANTONIO AGIRRE Y LEKUBE, Nº 56;48910;SESTAO;946007880;SERVICIO VASCO DE SALUD - OSAKIDEZTA;Pública Directa;Familia y Comunitaria:Medicina, Familia y Comunitaria:Enfermeria
1648000898.0;PAÍS VASCO;BIZKAIA;OSI BARAKALDO - SESTAO;SESTAO-MARKONZAGA;Sestao;CENTRO SALUD;AMBULATORIO MARKONZAGA;CL ANTONIO TRUEBA, Nº 15;48910;SESTAO;946007800;SERVICIO VASCO DE SALUD - OSAKIDEZTA;Pública Directa;Obstrético-Ginecología:Enfermería (Matronas)
1648000989.0;PAÍS VASCO;BIZKAIA;OSI BARAKALDO - SESTAO;SESTAO-MARKONZAGA;Sestao;CONSULTORIO LOCAL;LA IBERIA;PLAZA DE LOS TRES CONCEJOS, Nº 1 BAJO 6;48910;SESTAO;946081442;SERVICIO VASCO DE SALUD - OSAKIDEZTA;Pública Directa;NO
1648000912.0;PAÍS VASCO;BIZKAIA;OSI BARAKALDO - SESTAO;URBAN;Barakaldo;CENTRO SALUD;URBAN;PLAZA DESIERTO, Nº 5-6;48901;BARAKALDO;946007580;SERVICIO VASCO DE SALUD - OSAKIDEZTA;Pública Directa;Familia y Comunitaria:Medicina, Familia y Comunitaria:Enfermeria
1648001015.0;PAÍS VASCO;BIZKAIA;OSI BARAKALDO - SESTAO;ZABALLA;Barakaldo;CENTRO SALUD;ZABALLA;C/ MUNIBE, Nº 2-4;48901;BARAKALDO;946007844;SERVICIO VASCO DE SALUD - OSAKIDEZTA;Pública Directa;Familia y Comunitaria:Medicina, Pediátrica:Medicina, Pediátrica:Enfermería, Familia y Comunitaria:Enfermeria
1648000896.0;PAÍS VASCO;BIZKAIA;OSI BARAKALDO - SESTAO;ZUAZO;Barakaldo;CENTRO SALUD;ZUAZO;LURKIZAGA, Nº 6;48902;BARAKALDO;946007700;SERVICIO VASCO DE SALUD - OSAKIDEZTA;Pública Directa;Familia y Comunitaria:Medicina, Familia y Comunitaria:Enfermeria
1648000857.0;PAÍS VASCO;BIZKAIA;OSI BARRUALDE - GALDAKAO;ABADIÑO-ELORRIO-BERRIZ;Abadiño;CENTRO SALUD;ABADIÑO;TRAÑABARREN, Nº 13 - BAJO;48220;ABADIÑO;946032910;SERVICIO VASCO DE SALUD - OSAKIDEZTA;Pública Directa;Familia y Comunitaria:Medicina, Familia y Comunitaria:Enfermeria
1648000982.0;PAÍS VASCO;BIZKAIA;OSI BARRUALDE - GALDAKAO;ABADIÑO-ELORRIO-BERRIZ;Abadiño;CONSULTORIO LOCAL;ABADIÑO - ZELAIETA;TXANPORTA, S/N;48220;ABADIÑO;944668680;SERVICIO VASCO DE SALUD - OSAKIDEZTA;Pública Directa;Pediátrica:Medicina, Pediátrica:Enfermería
1648000933.0;PAÍS VASCO;BIZKAIA;OSI BARRUALDE - GALDAKAO;ABADIÑO-ELORRIO-BERRIZ;Atxondo;CONSULTORIO LOCAL;ATXONDO;PLAZA LOS FUEROS, Nº 2;48291;AXPE-ATXONDO;946584995;SERVICIO VASCO DE SALUD - OSAKIDEZTA;Pública Directa;NO
1648000980.0;PAÍS VASCO;BIZKAIA;OSI BARRUALDE - GALDAKAO;ABADIÑO-ELORRIO-BERRIZ;Berriz;CONSULTORIO LOCAL;BERRIZ;GABIOLA, Nº 6 - 8;48240;BERRIZ;946236100;SERVICIO VASCO DE SALUD - OSAKIDEZTA;Pública Directa;NO
1648000869.0;PAÍS VASCO;BIZKAIA;OSI BARRUALDE - GALDAKAO;ABADIÑO-ELORRIO-BERRIZ;Elorrio;CONSULTORIO LOCAL;ELORRIO;ESTEIBARLANDA, Nº 10;48230;ELORRIO;946238070;SERVICIO VASCO DE SALUD - OSAKIDEZTA;Pública Directa;NO
1648000932.0;PAÍS VASCO;BIZKAIA;OSI BARRUALDE - GALDAKAO;ABADIÑO-ELORRIO-BERRIZ;Zaldibar;CONSULTORIO LOCAL;ZALDIBAR;EUSKAL HERRIA BAJO;48250;ZALDIBAR;946827001;SERVICIO VASCO DE SALUD - OSAKIDEZTA;Pública Directa;NO
1648000962.0;PAÍS VASCO;BIZKAIA;OSI BARRUALDE - GALDAKAO;AIALA;Urduña/Orduña;CONSULTORIO LOCAL;ORDUÑA;ADOBERIAS, S/N;48460;URDUÑA-ORDUÑA;945383553;SERVICIO VASCO DE SALUD - OSAKIDEZTA;Pública Directa;NO
1648003951.0;PAÍS VASCO;BIZKAIA;OSI BARRUALDE - GALDAKAO;AMOREBIETA;Amorebieta-Etxano;CENTRO SALUD;AMOREBIETA-ETXANO;CL SAN MIGUEL, Nº 17;48340;AMOREBIETA;946007200;SERVICIO VASCO DE SALUD - OSAKIDEZTA;Pública Directa;Familia y Comunitaria:Medicina, Familia y Comunitaria:Enfermeria
1648004832.0;PAÍS VASCO;BIZKAIA;OSI BARRUALDE - GALDAKAO;ARRATIA;Igorre;CENTRO SALUD;IGORRE;SABINO ARANA, Nº 19;48140;IGORRE;946007463;SERVICIO VASCO DE SALUD - OSAKIDEZTA;Pública Directa;NO
1648000936.0;PAÍS VASCO;BIZKAIA;OSI BARRUALDE - GALDAKAO;ARRATIA;Arantzazu;CONSULTORIO LOCAL;ARANTZAZU;ZELAIA, S/N;48140;ARANTZAZU;946737100;SERVICIO VASCO DE SALUD - OSAKIDEZTA;Pública Directa;NO
1648003490.0;PAÍS VASCO;BIZKAIA;OSI BARRUALDE - GALDAKAO;ARRATIA;Areatza;CONSULTORIO LOCAL;AREATZA;CL ASKATASUNA, Nº 34A;48143;AREATZA;616583748;SERVICIO VASCO DE SALUD - OSAKIDEZTA;Pública Directa;NO
1648000934.0;PAÍS VASCO;BIZKAIA;OSI BARRUALDE - GALDAKAO;ARRATIA;Artea;CONSULTORIO LOCAL;ARTEA;HERRIKO PLAZA, Nº 2;48142;ARTEA;946739211;SERVICIO VASCO DE SALUD - OSAKIDEZTA;Pública Directa;NO
1648000930.0;PAÍS VASCO;BIZKAIA;OSI BARRUALDE - GALDAKAO;ARRATIA;Bedia;CONSULTORIO LOCAL;BEDIA;Bº ELEXALDE, Nº 4;48390;BEDIA;946313413;SERVICIO VASCO DE SALUD - OSAKIDEZTA;Pública Directa;NO
1648000935.0;PAÍS VASCO;BIZKAIA;OSI BARRUALDE - GALDAKAO;ARRATIA;Dima;CONSULTORIO LOCAL;DIMA;TELLERI, Nº 25 BAJO;48141;DIMA;946315630;SERVICIO VASCO DE SALUD - OSAKIDEZTA;Pública Directa;NO
1648000983.0;PAÍS VASCO;BIZKAIA;OSI BARRUALDE - GALDAKAO;ARRATIA;Lemoa;CONSULTORIO LOCAL;LEMOA;BARRIO ELIZONDO, Nº 31;48330;LEMOA;946313116;SERVICIO VASCO DE SALUD - OSAKIDEZTA;Pública Directa;NO
1648000929.0;PAÍS VASCO;BIZKAIA;OSI BARRUALDE - GALDAKAO;ARRATIA;Zeanuri;CONSULTORIO LOCAL;ZEANURI;PLZA. ARREGIA, S/N;48144;ZEANURI;946739149;SERVICIO VASCO DE SALUD - OSAKIDEZTA;Pública Directa;NO
1648000855.0;PAÍS VASCO;BIZKAIA;OSI BARRUALDE - GALDAKAO;ARRIGORRIAGA;Arrigorriaga;CENTRO SALUD;ARRIGORRIAGA;Pº DE URGOITI, Nº 10;48480;ARRIGORRIAGA;946007260;SERVICIO VASCO DE SALUD - OSAKIDEZTA;Pública Directa;Familia y Comunitaria:Medicina, Familia y Comunitaria:Enfermeria, Pediátrica:Medicina, Pediátrica:Enfermería
1648000958.0;PAÍS VASCO;BIZKAIA;OSI BARRUALDE - GALDAKAO;ARRIGORRIAGA;Arrankudiaga;CONSULTORIO LOCAL;ARRANKUDIAGA;ELEXALDE, Nº 17;48498;ARRANKUDIAGA;946480185;SERVICIO VASCO DE SALUD - OSAKIDEZTA;Pública Directa;NO
1648000959.0;PAÍS VASCO;BIZKAIA;OSI BARRUALDE - GALDAKAO;ARRIGORRIAGA;Ugao-Miraballes;CONSULTORIO LOCAL;UGAO-MIRAVALLES;LANDAKO, Nº 1;48490;UGAO-MIRABALLES;946480185;SERVICIO VASCO DE SALUD - OSAKIDEZTA;Pública Directa;NO
1648000961.0;PAÍS VASCO;BIZKAIA;OSI BARRUALDE - GALDAKAO;ARRIGORRIAGA;Zaratamo;CONSULTORIO LOCAL;ARKOTXA;Bº ARKOTZA, Nº 66;48480;ZARATAMO;946007260;SERVICIO VASCO DE SALUD - OSAKIDEZTA;Pública Directa;NO
1648000960.0;PAÍS VASCO;BIZKAIA;OSI BARRUALDE - GALDAKAO;ARRIGORRIAGA;Zaratamo;CONSULTORIO LOCAL;ZARATAMO;ELEXALDE, Nº 16;48480;ZARATAMO;946007260;SERVICIO VASCO DE SALUD - OSAKIDEZTA;Pública Directa;NO
1648000862.0;PAÍS VASCO;BIZKAIA;OSI BARRUALDE - GALDAKAO;ARRIGORRIAGA;Zeberio;CONSULTORIO LOCAL;ZEBERIO;ZUBIALDE, Nº 10 BAJO;48499;ZEBERIO;946480185;SERVICIO VASCO DE SALUD - OSAKIDEZTA;Pública Directa;NO
1648002645.0;PAÍS VASCO;BIZKAIA;OSI BARRUALDE - GALDAKAO;BASAURI - ARIZ;Basauri;CENTRO SALUD;BASAURI-ARIZ;NAGUSIA KALEA, Nº 27;48970;BASAURI;946007345;SERVICIO VASCO DE SALUD - OSAKIDEZTA;Pública Directa;Familia y Comunitaria:Medicina, Familia y Comunitaria:Enfermeria, Obstrético-Ginecología:Enfermería (Matronas)
1648000854.0;PAÍS VASCO;BIZKAIA;OSI BARRUALDE - GALDAKAO;BASAURI - KAREAGA;Basauri;CENTRO SALUD;KAREAGA;KARMELO TORRE, Nº 6;48970;BASAURI;946007474;SERVICIO VASCO DE SALUD - OSAKIDEZTA;Pública Directa;Familia y Comunitaria:Medicina, Familia y Comunitaria:Enfermeria
1648000975.0;PAÍS VASCO;BIZKAIA;OSI BARRUALDE - GALDAKAO;BASAURI - KAREAGA;Basauri;CONSULTORIO LOCAL;BASAURI-SAN MIGUEL;GARBILEKU S/N;48970;BASAURI;944262740;SERVICIO VASCO DE SALUD - OSAKIDEZTA;Pública Directa;NO
1648000909.0;PAÍS VASCO;BIZKAIA;OSI BARRUALDE - GALDAKAO;BERMEO;Bermeo;CENTRO SALUD;BERMEO;TOPOI BIDEA, S/N;48370;BERMEO;946029050;SERVICIO VASCO DE SALUD - OSAKIDEZTA;Pública Directa;NO
1648002651.0;PAÍS VASCO;BIZKAIA;OSI BARRUALDE - GALDAKAO;BERMEO;Mundaka;CONSULTORIO LOCAL;MUNDAKA;GOIKO KALEA, Nº 1;48360;MUNDAKA;946177122;SERVICIO VASCO DE SALUD - OSAKIDEZTA;Pública Directa;NO
1648003491.0;PAÍS VASCO;BIZKAIA;OSI BARRUALDE - GALDAKAO;BERMEO;Sukarrieta;CONSULTORIO LOCAL;SUKARRIETA;ANDER DEUNA ENPARANTZA S/N;48935;SUKARRIETA;946029058;SERVICIO VASCO DE SALUD - OSAKIDEZTA;Pública Directa;NO
1648000856.0;PAÍS VASCO;BIZKAIA;OSI BARRUALDE - GALDAKAO;DURANGO;Durango;CENTRO SALUD;DURANGO-LANDAKO;ARRIPUTXUETA, Nº 1;48200;DURANGO;946032880;SERVICIO VASCO DE SALUD - OSAKIDEZTA;Pública Directa;Familia y Comunitaria:Medicina, Familia y Comunitaria:Enfermeria, Obstrético-Ginecología:Enfermería (Matronas)
1648000925.0;PAÍS VASCO;BIZKAIA;OSI BARRUALDE - GALDAKAO;DURANGO;Izurtza;CONSULTORIO LOCAL;IZURTZA;EDIFICIO AYUNTAMIENTO;48213;IZURTZA;946640104;SERVICIO VASCO DE SALUD - OSAKIDEZTA;Pública Directa;NO
1648000924.0;PAÍS VASCO;BIZKAIA;OSI BARRUALDE - GALDAKAO;DURANGO;Iurreta;CONSULTORIO LOCAL;IURRETA;BIXENTE KAPANAGA, Nº 9 - BAJO;48215;IURRETA;946818400;SERVICIO VASCO DE SALUD - OSAKIDEZTA;Pública Directa;NO
1648000926.0;PAÍS VASCO;BIZKAIA;OSI BARRUALDE - GALDAKAO;DURANGO;Mañaria;CONSULTORIO LOCAL;MAÑARIA;KIRIKIÑO KALEA, Nº 16;48212;MAÑARIA;946352652;SERVICIO VASCO DE SALUD - OSAKIDEZTA;Pública Directa;NO
1648000891.0;PAÍS VASCO;BIZKAIA;OSI BARRUALDE - GALDAKAO;ETXEBARRI;Etxebarri;CENTRO SALUD;ETXEBARRI;EUSKAL HERRIA, Nº 19;48450;ETXEBARRI;946007440;SERVICIO VASCO DE SALUD - OSAKIDEZTA;Pública Directa;Familia y Comunitaria:Medicina, Familia y Comunitaria:Enfermeria
1648002644.0;PAÍS VASCO;BIZKAIA;OSI BARRUALDE - GALDAKAO;GALDAKAO;Galdakao;CENTRO SALUD;GALDAKAO;BIZKAI KALEA, S/N;48960;GALDAKAO;946007400;SERVICIO VASCO DE SALUD - OSAKIDEZTA;Pública Directa;Familia y Comunitaria:Medicina, Obstrético-Ginecología:Enfermería (Matronas), Familia y Comunitaria:Enfermeria
1648000922.0;PAÍS VASCO;BIZKAIA;OSI BARRUALDE - GALDAKAO;GALDAKAO;Galdakao;CONSULTORIO LOCAL;APERRIBAI;Bº APERRIBAI, S/N;48960;GALDAKAO;944407926;SERVICIO VASCO DE SALUD - OSAKIDEZTA;Pública Directa;NO
1648000976.0;PAÍS VASCO;BIZKAIA;OSI BARRUALDE - GALDAKAO;GALDAKAO;Galdakao;CONSULTORIO LOCAL;USANSOLO;UNKINAKO PLAZA, S/N;48960;GALDAKAO;944363700;SERVICIO VASCO DE SALUD - OSAKIDEZTA;Pública Directa;NO
1648002475.0;PAÍS VASCO;BIZKAIA;OSI BARRUALDE - GALDAKAO;GALDAKAO;Larrabetzu;CONSULTORIO LOCAL;LARRABETZU;CL ERREBALE, Nº 2;48195;LARRABETZU;944557000;SERVICIO VASCO DE SALUD - OSAKIDEZTA;Pública Directa;NO
1648002643.0;PAÍS VASCO;BIZKAIA;OSI BARRUALDE - GALDAKAO;GERNIKA;Gernika-Lumo;CENTRO SALUD;GERNIKA;SAN JUAN, Nº 1;48300;GERNIKA;946035800;SERVICIO VASCO DE SALUD - OSAKIDEZTA;Pública Directa;Familia y Comunitaria:Medicina, Pediátrica:Enfermería, Pediátrica:Medicina, Obstrético-Ginecología:Enfermería (Matronas), Familia y Comunitaria:Enfermeria
;PAÍS VASCO;BIZKAIA;OSI BARRUALDE - GALDAKAO;GERNIKALDEA;Gernika-Lumo;CENTRO SALUD;GERNIKALDEA;AITA LUIS BILLASANTE ERREPIDEA, Nº 8-10;48300;GERNIKA;946035810;SERVICIO VASCO DE SALUD - OSAKIDEZTA;Pública Directa;Familia y Comunitaria:Medicina, Familia y Comunitaria:Enfermeria
1648000945.0;PAÍS VASCO;BIZKAIA;OSI BARRUALDE - GALDAKAO;GERNIKALDEA;Arratzu;CONSULTORIO LOCAL;ARRATZU;Bº LOIOLA, S/N;48383;ARRATZUA;946256893;SERVICIO VASCO DE SALUD - OSAKIDEZTA;Pública Directa;NO
1648002648.0;PAÍS VASCO;BIZKAIA;OSI BARRUALDE - GALDAKAO;GERNIKALDEA;Busturia;CONSULTORIO LOCAL;BUSTURIA;SAN BARTOLOME, Nº 32;48350;BUSTURIA;946035810;SERVICIO VASCO DE SALUD - OSAKIDEZTA;Pública Directa;NO
1648000955.0;PAÍS VASCO;BIZKAIA;OSI BARRUALDE - GALDAKAO;GERNIKALDEA;Elantxobe;CONSULTORIO LOCAL;ELANTXOBE;PUERTO, Nº 2;48310;ELANTXOBE;946035810;SERVICIO VASCO DE SALUD - OSAKIDEZTA;Pública Directa;NO
1648000957.0;PAÍS VASCO;BIZKAIA;OSI BARRUALDE - GALDAKAO;GERNIKALDEA;Ereño;CONSULTORIO LOCAL;EREÑO;Bº ELEXALDE, Nº 6;48313;EREÑO;946257147;SERVICIO VASCO DE SALUD - OSAKIDEZTA;Pública Directa;NO
1648000949.0;PAÍS VASCO;BIZKAIA;OSI BARRUALDE - GALDAKAO;GERNIKALDEA;Errigoiti;CONSULTORIO LOCAL;ERRIGOITI;Bº LA VILLA, Nº 1;48309;ERRIGOITI;946257951;SERVICIO VASCO DE SALUD - OSAKIDEZTA;Pública Directa;NO
1648000947.0;PAÍS VASCO;BIZKAIA;OSI BARRUALDE - GALDAKAO;GERNIKALDEA;Forua;CONSULTORIO LOCAL;FORUA;CL TORRE-BARRI, Nº 4;48393;FORUA;946035810;SERVICIO VASCO DE SALUD - OSAKIDEZTA;Pública Directa;NO
1648000954.0;PAÍS VASCO;BIZKAIA;OSI BARRUALDE - GALDAKAO;GERNIKALDEA;Gautegiz Arteaga;CONSULTORIO LOCAL;GAUTEGIZ DE ARTEAGA;Bº ZELAIETAS, Nº 45;48314;GAUTEGIZ DE ARTEAGA;946252965;SERVICIO VASCO DE SALUD - OSAKIDEZTA;Pública Directa;NO
1648000956.0;PAÍS VASCO;BIZKAIA;OSI BARRUALDE - GALDAKAO;GERNIKALDEA;Ibarrangelu;CONSULTORIO LOCAL;IBARRANGELU;Bº ELEXALDE, Nº 1;48311;IBARRANGELU;946276566;SERVICIO VASCO DE SALUD - OSAKIDEZTA;Pública Directa;NO
1648001000.0;PAÍS VASCO;BIZKAIA;OSI BARRUALDE - GALDAKAO;GERNIKALDEA;Mendata;CONSULTORIO LOCAL;MENDATA;Bº ELEXALDE, Nº 2;48382;MENDATA;946258199;SERVICIO VASCO DE SALUD - OSAKIDEZTA;Pública Directa;NO
1648000950.0;PAÍS VASCO;BIZKAIA;OSI BARRUALDE - GALDAKAO;GERNIKALDEA;Morga;CONSULTORIO LOCAL;MORGA;CL ELIOZONDO, Nº 10;48115;MORGA;946258100;SERVICIO VASCO DE SALUD - OSAKIDEZTA;Pública Directa;NO
1648000944.0;PAÍS VASCO;BIZKAIA;OSI BARRUALDE - GALDAKAO;GERNIKALDEA;Munitibar-Arbatzegi Gerrikaitz;CONSULTORIO LOCAL;MUNITIBAR;Bº MUNITIBAR, Nº 3;48381;MUNITIBAR;946164046;SERVICIO VASCO DE SALUD - OSAKIDEZTA;Pública Directa;NO
1648000948.0;PAÍS VASCO;BIZKAIA;OSI BARRUALDE - GALDAKAO;GERNIKALDEA;Murueta;CONSULTORIO LOCAL;MURUETA;Bº KANPANTZU, S/N;48394;MURUETA;946254759;SERVICIO VASCO DE SALUD - OSAKIDEZTA;Pública Directa;NO
1648002473.0;PAÍS VASCO;BIZKAIA;OSI BARRUALDE - GALDAKAO;GERNIKALDEA;Muxika;CONSULTORIO LOCAL;MUXIKA;Bº KURTZERO 21;48392;MUXIKA;946253419;SERVICIO VASCO DE SALUD - OSAKIDEZTA;Pública Directa;NO
1648002649.0;PAÍS VASCO;BIZKAIA;OSI BARRUALDE - GALDAKAO;GERNIKALDEA;Muxika;CONSULTORIO LOCAL;GOROZIKA;Bº GOROZIKA, S/N;48392;GOROZIKA;946253419;SERVICIO VASCO DE SALUD - OSAKIDEZTA;Pública Directa;NO
1648000951.0;PAÍS VASCO;BIZKAIA;OSI BARRUALDE - GALDAKAO;GERNIKALDEA;Muxika;CONSULTORIO LOCAL;IBARRURI;Bº IBARRURI, S/N;48391;IBARRURI;946734511;SERVICIO VASCO DE SALUD - OSAKIDEZTA;Pública Directa;NO
1648000953.0;PAÍS VASCO;BIZKAIA;OSI BARRUALDE - GALDAKAO;GERNIKALDEA;Nabarniz;CONSULTORIO LOCAL;NABARNIZ;Bº ELEXALDE, Nº 3;48312;NABARNIZ;946256844;SERVICIO VASCO DE SALUD - OSAKIDEZTA;Pública Directa;NO
1648000858.0;PAÍS VASCO;BIZKAIA;OSI BARRUALDE - GALDAKAO;LEKEITIO;Lekeitio;CENTRO SALUD;LEKEITIO;Bº LARROTEGI, S/N;48280;LEKEITIO;946035860;SERVICIO VASCO DE SALUD - OSAKIDEZTA;Pública Directa;NO
1648000939.0;PAÍS VASCO;BIZKAIA;OSI BARRUALDE - GALDAKAO;LEKEITIO;Amoroto;CONSULTORIO LOCAL;AMOROTO;EDIFICIO AYUNTAMIENTO Bº ELEXALDE S/N;48289;AMOROTO;946842457;SERVICIO VASCO DE SALUD - OSAKIDEZTA;Pública Directa;NO
1648000938.0;PAÍS VASCO;BIZKAIA;OSI BARRUALDE - GALDAKAO;LEKEITIO;Aulesti;CONSULTORIO LOCAL;AULESTIA;HERRIKO PLAZA, Nº 1;48380;AULESTI;946279148;SERVICIO VASCO DE SALUD - OSAKIDEZTA;Pública Directa;NO
1648000941.0;PAÍS VASCO;BIZKAIA;OSI BARRUALDE - GALDAKAO;LEKEITIO;Ea;CONSULTORIO LOCAL;EA;DONIBANE ENPARANTZA, S/N;48287;EA;946775444;SERVICIO VASCO DE SALUD - OSAKIDEZTA;Pública Directa;NO
1648000984.0;PAÍS VASCO;BIZKAIA;OSI BARRUALDE - GALDAKAO;LEKEITIO;Gizaburuaga;CONSULTORIO LOCAL;GIZABURUAGA;C/ LARRINAGA, Nº 1;48289;GIZABURUAGA;946844978;SERVICIO VASCO DE SALUD - OSAKIDEZTA;Pública Directa;NO
1648002474.0;PAÍS VASCO;BIZKAIA;OSI BARRUALDE - GALDAKAO;LEKEITIO;Ispaster;CONSULTORIO LOCAL;ISPASTER;C/ IÑIGO EGILUZ, Nº 1;48288;ISPASTER;946842987;SERVICIO VASCO DE SALUD - OSAKIDEZTA;Pública Directa;NO
1648000937.0;PAÍS VASCO;BIZKAIA;OSI BARRUALDE - GALDAKAO;LEKEITIO;Mendexa;CONSULTORIO LOCAL;MENDEXA;Bº ZELAIA, S/N;48289;MENDEXA;946842801;SERVICIO VASCO DE SALUD - OSAKIDEZTA;Pública Directa;NO
1648004926.0;PAÍS VASCO;BIZKAIA;OSI BARRUALDE - GALDAKAO;LLODIO;Orozko;CONSULTORIO LOCAL;OROZKO;CL SAGASTI, Nº 10;48410;OROZKO;946339611;SERVICIO VASCO DE SALUD - OSAKIDEZTA;Pública Directa;NO
1648000860.0;PAÍS VASCO;BIZKAIA;OSI BARRUALDE - GALDAKAO;MARKINA-XEMEIN;Markina-Xemein;CENTRO SALUD;MARKINA-XEMEIN;KARMEN KALEA, Nº 19;48270;MARKINA-XEMEIN;946166306;SERVICIO VASCO DE SALUD - OSAKIDEZTA;Pública Directa;NO
1648000985.0;PAÍS VASCO;BIZKAIA;OSI BARRUALDE - GALDAKAO;MARKINA-XEMEIN;Ziortza-Bolibar;CONSULTORIO LOCAL;ZIORTZA-BOLIBAR;EDIFICIO AYUNTAMIENTO;48340;ZIORTZA-BOLIBAR;946166307;SERVICIO VASCO DE SALUD - OSAKIDEZTA;Pública Directa;NO
1648000942.0;PAÍS VASCO;BIZKAIA;OSI BARRUALDE - GALDAKAO;MARKINA-XEMEIN;Etxebarria;CONSULTORIO LOCAL;ETXEBARRIA;EDIFICIO AYUNTAMIENTO;48277;ETXEBARRIA;946166306;SERVICIO VASCO DE SALUD - OSAKIDEZTA;Pública Directa;NO
1648000859.0;PAÍS VASCO;BIZKAIA;OSI BARRUALDE - GALDAKAO;ONDARROA;Ondarroa;CENTRO SALUD;ONDARROA;IBAIONDO, Nº 6;48700;ONDARROA;946037999;SERVICIO VASCO DE SALUD - OSAKIDEZTA;Pública Directa;NO
1648003492.0;PAÍS VASCO;BIZKAIA;OSI BARRUALDE - GALDAKAO;ONDARROA;Berriatua;CONSULTORIO LOCAL;BERRIATUA;ERRIBERA, Nº 39;48710;BERRIATUA;946139241;SERVICIO VASCO DE SALUD - OSAKIDEZTA;Pública Directa;NO
1648000903.0;PAÍS VASCO;BIZKAIA;OSI BILBAO - BASURTO;BASURTO-ALTAMIRA;Bilbao;CENTRO SALUD;BASURTO;PLAZA JARDINES DE IPARRALDE, Nº 1;48002;BILBAO;946006870;SERVICIO VASCO DE SALUD - OSAKIDEZTA;Pública Directa;NO
1648000842.0;PAÍS VASCO;BIZKAIA;OSI BILBAO - BASURTO;BASURTO-ALTAMIRA;Bilbao;CONSULTORIO LOCAL;ALTAMIRA;BARRIO ALTAMIRA, Nº 19A;48002;BILBAO;944274411;SERVICIO VASCO DE SALUD - OSAKIDEZTA;Pública Directa;Familia y Comunitaria:Medicina, Familia y Comunitaria:Enfermeria
1648000906.0;PAÍS VASCO;BIZKAIA;OSI BILBAO - BASURTO;BEGOÑA;Bilbao;CENTRO SALUD;BEGOÑA;C/ VIRGEN DE BEGOÑA, Nº 32;48006;BILBAO;944007620;SERVICIO VASCO DE SALUD - OSAKIDEZTA;Pública Directa;Familia y Comunitaria:Medicina, Familia y Comunitaria:Enfermeria, Obstrético-Ginecología:Enfermería (Matronas)
1648000873.0;PAÍS VASCO;BIZKAIA;OSI BILBAO - BASURTO;BOLUETA-SAGARMINAGA;Bilbao;CENTRO SALUD;BOLUETA-SAGARMINAGA;C/ GRUPO SAGARMINAGA, Nº 56;48004;BILBAO;944114391;SERVICIO VASCO DE SALUD - OSAKIDEZTA;Pública Directa;NO
1648004834.0;PAÍS VASCO;BIZKAIA;OSI BILBAO - BASURTO;BOMBERO-IRALA;Bilbao;CENTRO SALUD;BOMBERO ETXANIZ;PLAZA BOMBERO ETXANIZ, Nº 1;48010;BILBAO;946006890;SERVICIO VASCO DE SALUD - OSAKIDEZTA;Pública Directa;Familia y Comunitaria:Medicina, Pediátrica:Enfermería, Pediátrica:Medicina, Obstrético-Ginecología:Enfermería (Matronas), Familia y Comunitaria:Enfermeria
1648005414.0;PAÍS VASCO;BIZKAIA;OSI BILBAO - BASURTO;BOMBERO-IRALA;Bilbao;CONSULTORIO LOCAL;IRALA;CL UGALDE, Nº 7;48012;BILBAO;946006720;SERVICIO VASCO DE SALUD - OSAKIDEZTA;Pública Directa;NO
1648000885.0;PAÍS VASCO;BIZKAIA;OSI BILBAO - BASURTO;CASCO VIEJO (BILBAO);Bilbao;CENTRO SALUD;BILBAO-CASCO VIEJO;C/ RONDA, Nº 6;48005;BILBAO;944007445;SERVICIO VASCO DE SALUD - OSAKIDEZTA;Pública Directa;Familia y Comunitaria:Medicina, Familia y Comunitaria:Enfermeria, Obstrético-Ginecología:Enfermería (Matronas)
1648004833.0;PAÍS VASCO;BIZKAIA;OSI BILBAO - BASURTO;DEUSTO-ARANGOITI;Bilbao;CENTRO SALUD;DEUSTO;CL LUIS POWER, Nº 18;48014;BILBAO;946006666;SERVICIO VASCO DE SALUD - OSAKIDEZTA;Pública Directa;Familia y Comunitaria:Medicina, Obstrético-Ginecología:Enfermería (Matronas), Familia y Comunitaria:Enfermeria
1648000884.0;PAÍS VASCO;BIZKAIA;OSI BILBAO - BASURTO;DEUSTO-ARANGOITI;Bilbao;CONSULTORIO LOCAL;ARANGOITI;CAMINO DE BERRIZ, Nº 50;48014;BILBAO;944746202;SERVICIO VASCO DE SALUD - OSAKIDEZTA;Pública Directa;NO
1648000878.0;PAÍS VASCO;BIZKAIA;OSI BILBAO - BASURTO;GAZTELEKU;Bilbao;CENTRO SALUD;GAZTELEKU;C/ PRINCIPE DE VIANA, Nº 5;48007;BILBAO;944007590;SERVICIO VASCO DE SALUD - OSAKIDEZTA;Pública Directa;Familia y Comunitaria:Medicina, Familia y Comunitaria:Enfermeria
1648000870.0;PAÍS VASCO;BIZKAIA;OSI BILBAO - BASURTO;INDAUTXU;Bilbao;CENTRO SALUD;INDAUTXU;DR AREILZA, Nº 12;48009;BILBAO;946006800;SERVICIO VASCO DE SALUD - OSAKIDEZTA;Pública Directa;Familia y Comunitaria:Medicina, Familia y Comunitaria:Enfermeria, Obstrético-Ginecología:Enfermería (Matronas)
1648000904.0;PAÍS VASCO;BIZKAIA;OSI BILBAO - BASURTO;JAVIER SAENZ DE BURUAGA;Bilbao;CENTRO SALUD;JAVIER SAENZ DE BURUAGA;PLAZA ENSANCHE, S/N;48009;BILBAO;946006970;SERVICIO VASCO DE SALUD - OSAKIDEZTA;Pública Directa;Familia y Comunitaria:Medicina, Familia y Comunitaria:Enfermeria, Pediátrica:Enfermería, Pediátrica:Medicina
1648000875.0;PAÍS VASCO;BIZKAIA;OSI BILBAO - BASURTO;LA PEÑA-IBAIALDE;Bilbao;CENTRO SALUD;LA PEÑA;C/ IBAIALDE, S/N;48003;BILBAO;944007435;SERVICIO VASCO DE SALUD - OSAKIDEZTA;Pública Directa;Obstrético-Ginecología:Enfermería (Matronas)
1648000911.0;PAÍS VASCO;BIZKAIA;OSI BILBAO - BASURTO;MINA DEL MORRO;Bilbao;CENTRO SALUD;MINA DEL MORRO;C/ INDALECIO PRIETO, Nº 11;48006;BILBAO;944007760;SERVICIO VASCO DE SALUD - OSAKIDEZTA;Pública Directa;Familia y Comunitaria:Medicina, Familia y Comunitaria:Enfermeria, Obstrético-Ginecología:Enfermería (Matronas)
1648003948.0;PAÍS VASCO;BIZKAIA;OSI BILBAO - BASURTO;MIRIBILLA-LA MERCED;Bilbao;CENTRO SALUD;MIRIBILLA;CL MINA SAN LUIS, Nº 16;48003;BILBAO;944006201;SERVICIO VASCO DE SALUD - OSAKIDEZTA;Pública Directa;Familia y Comunitaria:Medicina, Obstrético-Ginecología:Enfermería (Matronas), Familia y Comunitaria:Enfermeria
1648000876.0;PAÍS VASCO;BIZKAIA;OSI BILBAO - BASURTO;MIRIBILLA-LA MERCED;Bilbao;CONSULTORIO LOCAL;LA MERCED;CL LUIS IRAURRIZAGA, Nº 1;48003;BILBAO;944161488;SERVICIO VASCO DE SALUD - OSAKIDEZTA;Pública Directa;NO
1648000886.0;PAÍS VASCO;BIZKAIA;OSI BILBAO - BASURTO;OTXARKOAGA;Bilbao;CENTRO SALUD;OTXARKOAGA;C/ ZIZERUENE, Nº 1;48004;BILBAO;944007680;SERVICIO VASCO DE SALUD - OSAKIDEZTA;Pública Directa;Familia y Comunitaria:Medicina, Pediátrica:Enfermería, Pediátrica:Medicina, Familia y Comunitaria:Enfermeria
1648002640.0;PAÍS VASCO;BIZKAIA;OSI BILBAO - BASURTO;REKALDE;Bilbao;CENTRO SALUD;REKALDE;CTRA. LARRASKITU, Nº 2;48002;BILBAO;946006700;SERVICIO VASCO DE SALUD - OSAKIDEZTA;Pública Directa;Familia y Comunitaria:Medicina, Obstrético-Ginecología:Enfermería (Matronas), Familia y Comunitaria:Enfermeria
1648000872.0;PAÍS VASCO;BIZKAIA;OSI BILBAO - BASURTO;SAN ADRIAN-ZABALA;Bilbao;CENTRO SALUD;SAN ADRIÁN;C/ JUAN DE GARAY, Nº 51 - 53 TRASERA;48003;BILBAO;944007425;SERVICIO VASCO DE SALUD - OSAKIDEZTA;Pública Directa;Familia y Comunitaria:Medicina, Familia y Comunitaria:Enfermeria
1648000874.0;PAÍS VASCO;BIZKAIA;OSI BILBAO - BASURTO;SAN IGNACIO;Bilbao;CENTRO SALUD;SAN IGNACIO;C/ LARRAKO TORRE, Nº 9;48015;BILBAO;946006690;SERVICIO VASCO DE SALUD - OSAKIDEZTA;Pública Directa;Familia y Comunitaria:Medicina, Obstrético-Ginecología:Enfermería (Matronas), Familia y Comunitaria:Enfermeria
1648003487.0;PAÍS VASCO;BIZKAIA;OSI BILBAO - BASURTO;SANTUTXU-EL KARMELO;Bilbao;CENTRO SALUD;SANTUTXU - KARMELO;CL PADRE ESTEBAN PERNET, Nº 4-6;48004;BILBAO;944006016;SERVICIO VASCO DE SALUD - OSAKIDEZTA;Pública Directa;Familia y Comunitaria:Medicina, Pediátrica:Enfermería, Pediátrica:Medicina, Familia y Comunitaria:Enfermeria, Obstrético-Ginecología:Enfermería (Matronas)
1648000907.0;PAÍS VASCO;BIZKAIA;OSI BILBAO - BASURTO;SANTUTXU-SOLOKOETXE;Bilbao;CENTRO SALUD;SANTUTXU - SOLOKOETXE;C/ SORKUNDE, Nº 3;48006;BILBAO;944007500;SERVICIO VASCO DE SALUD - OSAKIDEZTA;Pública Directa;Familia y Comunitaria:Medicina, Obstrético-Ginecología:Enfermería (Matronas), Familia y Comunitaria:Enfermeria
1648002646.0;PAÍS VASCO;BIZKAIA;OSI BILBAO - BASURTO;TXURDINAGA;Bilbao;CENTRO SALUD;TXURDINAGA;AVDA. TXOMIN GARAT, Nº 16;48004;BILBAO;944007600;SERVICIO VASCO DE SALUD - OSAKIDEZTA;Pública Directa;Familia y Comunitaria:Medicina, Familia y Comunitaria:Enfermeria, Obstrético-Ginecología:Enfermería (Matronas)
1648002313.0;PAÍS VASCO;BIZKAIA;OSI BILBAO - BASURTO;URBI BASAURI CENTRO PENITENCIARIO;Basauri;CENTRO SALUD;URBI BASAURI (CENTRO PENITENCIARIO);AV AGIRRE LEHENDAKARIA - AV ETORBIDEA, Nº 92;48970;BASAURI;944408360;SERVICIO VASCO DE SALUD - OSAKIDEZTA;Pública Directa;NO
1648000902.0;PAÍS VASCO;BIZKAIA;OSI BILBAO - BASURTO;ZORROZA-ALONSOTEGI;Bilbao;CENTRO SALUD;ZORROZA;CTRA. ZORROZA - CASTREJANA, Nº 20-22 TRASERA;48013;BILBAO;946006880;SERVICIO VASCO DE SALUD - OSAKIDEZTA;Pública Directa;NO
1648003486.0;PAÍS VASCO;BIZKAIA;OSI BILBAO - BASURTO;ZORROZA-ALONSOTEGI;Alonsotegi;CONSULTORIO LOCAL;ALONSOTEGI;PLAZA DOCTOR MADINABEITIA, S/N;48810;ALONSOTEGI;944006016;SERVICIO VASCO DE SALUD - OSAKIDEZTA;Pública Directa;Familia y Comunitaria:Medicina, Pediátrica:Enfermería, Pediátrica:Medicina, Familia y Comunitaria:Enfermeria, Obstrético-Ginecología:Enfermería (Matronas)
1648000887.0;PAÍS VASCO;BIZKAIA;OSI BILBAO - BASURTO;ZURBARAN;Bilbao;CENTRO SALUD;ZURBARAN;AVDA. ZUMALACARREGUI, Nº 99;48007;BILBAO;944007440;SERVICIO VASCO DE SALUD - OSAKIDEZTA;Pública Directa;Obstrético-Ginecología:Enfermería (Matronas)
1648000893.0;PAÍS VASCO;BIZKAIA;OSI EZKERRALDEA - ENKARTERRI - CRUCES;ABANTO MUSKIZ;Abanto y Ciérvana-Abanto Zierbena;CENTRO SALUD;GALLARTA;NUEVA AVDA., Nº 2;48500;ABANTO-ZIERBENA;946007570;SERVICIO VASCO DE SALUD - OSAKIDEZTA;Pública Directa;Familia y Comunitaria:Medicina, Familia y Comunitaria:Enfermeria
1648000892.0;PAÍS VASCO;BIZKAIA;OSI EZKERRALDEA - ENKARTERRI - CRUCES;ABANTO MUSKIZ;Muskiz;CONSULTORIO LOCAL;MUSKIZ;BARRIO CENDEJA, Nº 29;48550;MUSKIZ;946707252;SERVICIO VASCO DE SALUD - OSAKIDEZTA;Pública Directa;Familia y Comunitaria:Medicina, Pediátrica:Enfermería, Pediátrica:Medicina, Familia y Comunitaria:Enfermeria
1648000901.0;PAÍS VASCO;BIZKAIA;OSI EZKERRALDEA - ENKARTERRI - CRUCES;ABANTO MUSKIZ;Abanto y Ciérvana-Abanto Zierbena;CONSULTORIO LOCAL;LAS CARRERAS;NAGUSIA, S/N;48540;LAS CARRERAS;946368543;SERVICIO VASCO DE SALUD - OSAKIDEZTA;Pública Directa;NO
1648000843.0;PAÍS VASCO;BIZKAIA;OSI EZKERRALDEA - ENKARTERRI - CRUCES;BALMASEDA;Balmaseda;CENTRO SALUD;BALMASEDA;AV ENCARTACIONES, Nº 11;48800;BALMASEDA;946102325;SERVICIO VASCO DE SALUD - OSAKIDEZTA;Pública Directa;Familia y Comunitaria:Medicina, Familia y Comunitaria:Enfermeria
1648000998.0;PAÍS VASCO;BIZKAIA;OSI EZKERRALDEA - ENKARTERRI - CRUCES;BALMASEDA;Artzentales;CONSULTORIO LOCAL;ARTZENTALES-SAN MIGUEL;BARRIO SAN MIGUEL, Nº 22;48879;ARTZENTALES;946809180;SERVICIO VASCO DE SALUD - OSAKIDEZTA;Pública Directa;NO
1648000991.0;PAÍS VASCO;BIZKAIA;OSI EZKERRALDEA - ENKARTERRI - CRUCES;BALMASEDA;Artzentales;CONSULTORIO LOCAL;ARTZENTALES-TRASLAVIÑA;LEHENDAKARI AGIRRE, Nº 27;48879;ARTZENTALES;946809205;SERVICIO VASCO DE SALUD - OSAKIDEZTA;Pública Directa;NO
1648000997.0;PAÍS VASCO;BIZKAIA;OSI EZKERRALDEA - ENKARTERRI - CRUCES;BALMASEDA;Karrantza Harana/Valle de Carranza;CONSULTORIO LOCAL;KARRANZA;BARRIO CONCHA, Nº 17;48891;KARRANTZA HARANA/VALLE DE CARRANZA;946806519;SERVICIO VASCO DE SALUD - OSAKIDEZTA;Pública Directa;NO
1648000996.0;PAÍS VASCO;BIZKAIA;OSI EZKERRALDEA - ENKARTERRI - CRUCES;BALMASEDA;Lanestosa;CONSULTORIO LOCAL;LANESTOSA;PLAZA JOSE MARÍA MAKUA, Nº 1;48895;LANESTOSA;946107134;SERVICIO VASCO DE SALUD - OSAKIDEZTA;Pública Directa;NO
1648000999.0;PAÍS VASCO;BIZKAIA;OSI EZKERRALDEA - ENKARTERRI - CRUCES;BALMASEDA;Trucios-Turtzioz;CONSULTORIO LOCAL;TRUCIOS;LEHENDAKARI AGUIRRE, Nº 60;48880;TRUCIOS-TURTZIOZ;946809127;SERVICIO VASCO DE SALUD - OSAKIDEZTA;Pública Directa;NO
1648002873.0;PAÍS VASCO;BIZKAIA;OSI EZKERRALDEA - ENKARTERRI - CRUCES;BUENAVISTA;Portugalete;CENTRO SALUD;BUENAVISTA;AV KANPAZAR, Nº 12;48920;PORTUGALETE;946007545;SERVICIO VASCO DE SALUD - OSAKIDEZTA;Pública Directa;Familia y Comunitaria:Medicina, Pediátrica:Enfermería, Pediátrica:Medicina, Familia y Comunitaria:Enfermeria
1648000913.0;PAÍS VASCO;BIZKAIA;OSI EZKERRALDEA - ENKARTERRI - CRUCES;GÜEÑES;Güeñes;CENTRO SALUD;SODUPE;CL SODUPE GOIKOA, Nº 13;48840;SODUPE;946692325;SERVICIO VASCO DE SALUD - OSAKIDEZTA;Pública Directa;Familia y Comunitaria:Medicina, Familia y Comunitaria:Enfermeria
1648000986.0;PAÍS VASCO;BIZKAIA;OSI EZKERRALDEA - ENKARTERRI - CRUCES;GÜEÑES;Gordexola;CONSULTORIO LOCAL;GORDEXOLA;PLAZA MOLINAR, Nº 3;48192;GORDEXOLA;946798023;SERVICIO VASCO DE SALUD - OSAKIDEZTA;Pública Directa;NO
1648004927.0;PAÍS VASCO;BIZKAIA;OSI EZKERRALDEA - ENKARTERRI - CRUCES;GÜEÑES;Güeñes;CONSULTORIO LOCAL;GÜEÑES;CL JOSE M. ARRIETA MASCARUA, Nº 6-8;48840;GÜEÑES;946006042;SERVICIO VASCO DE SALUD - OSAKIDEZTA;Pública Directa;NO
1648003489.0;PAÍS VASCO;BIZKAIA;OSI EZKERRALDEA - ENKARTERRI - CRUCES;GÜEÑES;Güeñes;CONSULTORIO LOCAL;LA QUADRA;BARRIO LA CUADRA;48840;LA CUADRA;946693276;SERVICIO VASCO DE SALUD - OSAKIDEZTA;Pública Directa;NO
1648000987.0;PAÍS VASCO;BIZKAIA;OSI EZKERRALDEA - ENKARTERRI - CRUCES;GÜEÑES;Güeñes;CONSULTORIO LOCAL;ZARAMILLO;BARRIO ZARAMILLO S/N;48820;ZARAMILLO;946698500;SERVICIO VASCO DE SALUD - OSAKIDEZTA;Pública Directa;NO
1648000889.0;PAÍS VASCO;BIZKAIA;OSI EZKERRALDEA - ENKARTERRI - CRUCES;ORTUELLA;Ortuella;CENTRO SALUD;ORTUELLA;AVDA. MINERO, S/N;48530;ORTUELLA;946007630;SERVICIO VASCO DE SALUD - OSAKIDEZTA;Pública Directa;Familia y Comunitaria:Medicina, Obstrético-Ginecología:Enfermería (Matronas), Familia y Comunitaria:Enfermeria
1648003950.0;PAÍS VASCO;BIZKAIA;OSI EZKERRALDEA - ENKARTERRI - CRUCES;PORTUGALETE REPELEGA;Portugalete;CENTRO SALUD;REPELEGA;BARRENGOITIA, Nº 9;48920;PORTUGALETE;946007500;SERVICIO VASCO DE SALUD - OSAKIDEZTA;Pública Directa;Pediátrica:Medicina, Pediátrica:Enfermería
1648000890.0;PAÍS VASCO;BIZKAIA;OSI EZKERRALDEA - ENKARTERRI - CRUCES;PORTUGALETE-CENTRO;Portugalete;CENTRO SALUD;CASTAÑOS;CL GENERAL CASTAÑOS, Nº 34;48920;PORTUGALETE;946007660;SERVICIO VASCO DE SALUD - OSAKIDEZTA;Pública Directa;NO
1648003949.0;PAÍS VASCO;BIZKAIA;OSI EZKERRALDEA - ENKARTERRI - CRUCES;SANTURTZI KABIEZES;Santurtzi;CENTRO SALUD;KABIEZES;CL JOSE MIGUEL BARANDIARAN, Nº 21;48980;SANTURTZI;946007610;SERVICIO VASCO DE SALUD - OSAKIDEZTA;Pública Directa;Familia y Comunitaria:Medicina, Pediátrica:Enfermería, Pediátrica:Medicina, Familia y Comunitaria:Enfermeria
1648000894.0;PAÍS VASCO;BIZKAIA;OSI EZKERRALDEA - ENKARTERRI - CRUCES;SANTURTZI MAMARIGA;Santurtzi;CENTRO SALUD;MAMARIGA;CL PLAZA VIRGEN DEL MAR, S/N;48980;SANTURTZI;946007680;SERVICIO VASCO DE SALUD - OSAKIDEZTA;Pública Directa;Familia y Comunitaria:Medicina, Familia y Comunitaria:Enfermeria, Pediátrica:Medicina, Pediátrica:Enfermería
1648000966.0;PAÍS VASCO;BIZKAIA;OSI EZKERRALDEA - ENKARTERRI - CRUCES;SANTURTZI MAMARIGA;Zierbena;CONSULTORIO LOCAL;ZIERBANA;LA CUESTA, Nº 1;48540;ZIERBENA;946365511;SERVICIO VASCO DE SALUD - OSAKIDEZTA;Pública Directa;NO
1648000888.0;PAÍS VASCO;BIZKAIA;OSI EZKERRALDEA - ENKARTERRI - CRUCES;TRAPAGARAN;Valle de Trápaga-Trapagaran;CENTRO SALUD;TRÁPAGA;CL SAN JOSE, S/N;48510;VALLE DE TRÁPAGA;946007760;SERVICIO VASCO DE SALUD - OSAKIDEZTA;Pública Directa;Familia y Comunitaria:Medicina, Familia y Comunitaria:Enfermeria
1648000974.0;PAÍS VASCO;BIZKAIA;OSI EZKERRALDEA - ENKARTERRI - CRUCES;TRAPAGARAN;Valle de Trápaga-Trapagaran;CONSULTORIO LOCAL;LA ARBOLEDA;PEREZ GALDOS, S/N;48520;TRÁPAGA;946604056;SERVICIO VASCO DE SALUD - OSAKIDEZTA;Pública Directa;NO
1648001016.0;PAÍS VASCO;BIZKAIA;OSI EZKERRALDEA - ENKARTERRI - CRUCES;ZALLA;Zalla;CENTRO SALUD;ZALLA;PLAZA EUSKADI, S/N;48860;ZALLA;946007590;SERVICIO VASCO DE SALUD - OSAKIDEZTA;Pública Directa;Familia y Comunitaria:Medicina, Familia y Comunitaria:Enfermeria
1648000994.0;PAÍS VASCO;BIZKAIA;OSI EZKERRALDEA - ENKARTERRI - CRUCES;ZALLA;Sopuerta;CONSULTORIO LOCAL;SOPUERTA-LA BALUGA;CL SAN PEDRO, S/N;48190;SOPUERTA;946104949;SERVICIO VASCO DE SALUD - OSAKIDEZTA;Pública Directa;NO
1648000992.0;PAÍS VASCO;BIZKAIA;OSI EZKERRALDEA - ENKARTERRI - CRUCES;ZALLA;Galdames;CONSULTORIO LOCAL;GALDAMES-SAN ESTEBAN;BARRIO SAN ESTEBAN, S/N;48191;GALDAMES;946504367;SERVICIO VASCO DE SALUD - OSAKIDEZTA;Pública Directa;NO
1648001002.0;PAÍS VASCO;BIZKAIA;OSI EZKERRALDEA - ENKARTERRI - CRUCES;ZALLA;Galdames;CONSULTORIO LOCAL;GALDAMES-SAN PEDRO;BARRIO SAN PEDRO, S/N;48191;GALDAMES;946104006;SERVICIO VASCO DE SALUD - OSAKIDEZTA;Pública Directa;NO
1648000993.0;PAÍS VASCO;BIZKAIA;OSI EZKERRALDEA - ENKARTERRI - CRUCES;ZALLA;Sopuerta;CONSULTORIO LOCAL;SOPUERTA-MERCADILLO;LA LLANTADA, Nº 1;48190;SOPUERTA;946104949;SERVICIO VASCO DE SALUD - OSAKIDEZTA;Pública Directa;NO
1648000995.0;PAÍS VASCO;BIZKAIA;OSI EZKERRALDEA - ENKARTERRI - CRUCES;ZALLA;Zalla;CONSULTORIO LOCAL;ARANGUREN;BARRIO LA INMACULADA, S/N;48850;ZALLA;946670647;SERVICIO VASCO DE SALUD - OSAKIDEZTA;Pública Directa;NO
1648000908.0;PAÍS VASCO;BIZKAIA;OSI URIBE;ALANGO;Getxo;CENTRO SALUD;ALANGO;ALANGO, Nº 30;48992;ALGORTA;946007030;SERVICIO VASCO DE SALUD - OSAKIDEZTA;Pública Directa;Familia y Comunitaria:Medicina, Familia y Comunitaria:Enfermeria
1648002642.0;PAÍS VASCO;BIZKAIA;OSI URIBE;ALGORTA;Getxo;CENTRO SALUD;ALGORTA;CL BIDEZABAL, Nº 30;48993;ALGORTA;946007100;SERVICIO VASCO DE SALUD - OSAKIDEZTA;Pública Directa;Familia y Comunitaria:Medicina, Familia y Comunitaria:Enfermeria
1648002471.0;PAÍS VASCO;BIZKAIA;OSI URIBE;ASTRABUDUA;Erandio;CENTRO SALUD;ASTRABUDUA;MEZO, Nº 35;48950;ASTRABUDUA;946007050;SERVICIO VASCO DE SALUD - OSAKIDEZTA;Pública Directa;Familia y Comunitaria:Medicina, Familia y Comunitaria:Enfermeria, Obstrético-Ginecología:Enfermería (Matronas)
1648000852.0;PAÍS VASCO;BIZKAIA;OSI URIBE;ERANDIO;Erandio;CENTRO SALUD;ERANDIO;IBARRONDO S/N;48950;ERANDIO;946007130;SERVICIO VASCO DE SALUD - OSAKIDEZTA;Pública Directa;Familia y Comunitaria:Medicina, Pediátrica:Enfermería, Pediátrica:Medicina, Familia y Comunitaria:Enfermeria
1648000990.0;PAÍS VASCO;BIZKAIA;OSI URIBE;ERANDIO;Erandio;CONSULTORIO LOCAL;ERANDIO GOIKOA;JESÚS MARÍA OLAGÜE, Nº 1;48950;ERANDIO;944711590;SERVICIO VASCO DE SALUD - OSAKIDEZTA;Pública Directa;NO
1648000846.0;PAÍS VASCO;BIZKAIA;OSI URIBE;GORLIZ-PLENTZIA;Gorliz;CENTRO SALUD;GORLIZ;JOSEBA A. AGUIRRE ENPARANTZA, Nº 1;48630;GORLIZ;946773461;SERVICIO VASCO DE SALUD - OSAKIDEZTA;Pública Directa;Familia y Comunitaria:Medicina, Familia y Comunitaria:Enfermeria
1648000905.0;PAÍS VASCO;BIZKAIA;OSI URIBE;GORLIZ-PLENTZIA;Plentzia;CONSULTORIO LOCAL;PLENTZIA;CL FRONTOI, S/N;48620;PLENTZIA;946772565;SERVICIO VASCO DE SALUD - OSAKIDEZTA;Pública Directa;NO
1648000972.0;PAÍS VASCO;BIZKAIA;OSI URIBE;GORLIZ-PLENTZIA;Barrika;CONSULTORIO LOCAL;BARRIKA;UDALETXEKO BIDEA, Nº 4;48650;BARRIKA;946772565;SERVICIO VASCO DE SALUD - OSAKIDEZTA;Pública Directa;NO
1648000981.0;PAÍS VASCO;BIZKAIA;OSI URIBE;GORLIZ-PLENTZIA;Lemoiz;CONSULTORIO LOCAL;ARMINTZA;ATALAIA, Nº 5;48620;LEMOIZ;946773461;SERVICIO VASCO DE SALUD - OSAKIDEZTA;Pública Directa;NO
1648002647.0;PAÍS VASCO;BIZKAIA;OSI URIBE;GORLIZ-PLENTZIA;Lemoiz;CONSULTORIO LOCAL;LEMOIZ;BARRIO URIZAR, Nº 56;48620;LEMOIZ;946773461;SERVICIO VASCO DE SALUD - OSAKIDEZTA;Pública Directa;NO
1648000845.0;PAÍS VASCO;BIZKAIA;OSI URIBE;LAS ARENAS;Getxo;CENTRO SALUD;AREETA;BIDEBARRIETA, Nº 10;48930;LAS ARENAS;946007170;SERVICIO VASCO DE SALUD - OSAKIDEZTA;Pública Directa;Familia y Comunitaria:Medicina, Familia y Comunitaria:Enfermeria
1648000844.0;PAÍS VASCO;BIZKAIA;OSI URIBE;LEIOA;Leioa;CENTRO SALUD;LEIOA;PLAZA IKEA BARRI, Nº 1;48940;LEIOA;946007001;SERVICIO VASCO DE SALUD - OSAKIDEZTA;Pública Directa;Familia y Comunitaria:Medicina, Obstrético-Ginecología:Enfermería (Matronas), Familia y Comunitaria:Enfermeria
1648003488.0;PAÍS VASCO;BIZKAIA;OSI URIBE;MUNGIA;Mungia;CENTRO SALUD;MUNGIA;LORADI ENPARANTZA, Nº 1;48100;MUNGIA;946007150;SERVICIO VASCO DE SALUD - OSAKIDEZTA;Pública Directa;Familia y Comunitaria:Medicina, Familia y Comunitaria:Enfermeria
1648000918.0;PAÍS VASCO;BIZKAIA;OSI URIBE;MUNGIA;Arrieta;CONSULTORIO LOCAL;ARRIETA;Bª LIBAO, Nº 16;48114;ARRIETA;946007150;SERVICIO VASCO DE SALUD - OSAKIDEZTA;Pública Directa;NO
1648004835.0;PAÍS VASCO;BIZKAIA;OSI URIBE;MUNGIA;Bakio;CONSULTORIO LOCAL;BAKIO;BASIGOKO BIDE NAGUSIA, 23;48130;BAKIO;946007150;SERVICIO VASCO DE SALUD - OSAKIDEZTA;Pública Directa;NO
1648000967.0;PAÍS VASCO;BIZKAIA;OSI URIBE;MUNGIA;Fruiz;CONSULTORIO LOCAL;FRUIZ;ALDAI AUZOA, 90 LURBARRI ERAIKINA;48116;FRUIZ;946007150;SERVICIO VASCO DE SALUD - OSAKIDEZTA;Pública Directa;NO
1648000971.0;PAÍS VASCO;BIZKAIA;OSI URIBE;MUNGIA;Gamiz-Fika;CONSULTORIO LOCAL;FIKA;Bº ELEJALDE, 30;48113;GAMIZ-FIKA;946007150;SERVICIO VASCO DE SALUD - OSAKIDEZTA;Pública Directa;NO
1648000917.0;PAÍS VASCO;BIZKAIA;OSI URIBE;MUNGIA;Gamiz-Fika;CONSULTORIO LOCAL;GAMIZ;Bª ERGOIEN, S/N;48113;GAMIZ-FIKA;946007150;SERVICIO VASCO DE SALUD - OSAKIDEZTA;Pública Directa;NO
1648000916.0;PAÍS VASCO;BIZKAIA;OSI URIBE;MUNGIA;Gatika;CONSULTORIO LOCAL;GATIKA;Bº SERTUCHA, S/N;48110;GATIKA;946007150;SERVICIO VASCO DE SALUD - OSAKIDEZTA;Pública Directa;NO
1648001001.0;PAÍS VASCO;BIZKAIA;OSI URIBE;MUNGIA;Laukiz;CONSULTORIO LOCAL;LAUKIZ;PLAZA LAUAXETA, Nº 7;48111;LAUKIZ;946151525;SERVICIO VASCO DE SALUD - OSAKIDEZTA;Pública Directa;NO
1648000919.0;PAÍS VASCO;BIZKAIA;OSI URIBE;MUNGIA;Maruri-Jatabe;CONSULTORIO LOCAL;MARURI;ERDIGUNE AUZOA, Nº 70;48112;MARURI - JATABE;946007150;SERVICIO VASCO DE SALUD - OSAKIDEZTA;Pública Directa;NO
1648000920.0;PAÍS VASCO;BIZKAIA;OSI URIBE;MUNGIA;Meñaka;CONSULTORIO LOCAL;MEÑAKA;ELIAS AGIRRE ENPARANTZA S/N ;48120;MEÑAKA;946007150;SERVICIO VASCO DE SALUD - OSAKIDEZTA;Pública Directa;NO
1648000880.0;PAÍS VASCO;BIZKAIA;OSI URIBE;SOPELANA;Sopela;CENTRO SALUD;SOPELA;SUGURDIALDE, Nº 1;48600;SOPELANA;946764119;SERVICIO VASCO DE SALUD - OSAKIDEZTA;Pública Directa;Familia y Comunitaria:Medicina, Obstrético-Ginecología:Enfermería (Matronas), Familia y Comunitaria:Enfermeria
1648000881.0;PAÍS VASCO;BIZKAIA;OSI URIBE;SOPELANA;Berango;CONSULTORIO LOCAL;BERANGO;MOREAGA KALEA 9 BIS;48640;BERANGO;944034630;SERVICIO VASCO DE SALUD - OSAKIDEZTA;Pública Directa;NO
1648000969.0;PAÍS VASCO;BIZKAIA;OSI URIBE;SOPELANA;Urduliz;CONSULTORIO LOCAL;URDULIZ;AITA GOTZON KALEA, Nº 20;48610;URDULIZ;946762975;SERVICIO VASCO DE SALUD - OSAKIDEZTA;Pública Directa;NO
1648000849.0;PAÍS VASCO;BIZKAIA;OSI URIBE;TXORIHERRI;Derio;CENTRO SALUD;DERIO;GORBEA, Nº 1;48160;DERIO;944543004;SERVICIO VASCO DE SALUD - OSAKIDEZTA;Pública Directa;Familia y Comunitaria:Medicina, Familia y Comunitaria:Enfermeria, Obstrético-Ginecología:Enfermería (Matronas)
1648002650.0;PAÍS VASCO;BIZKAIA;OSI URIBE;TXORIHERRI;Lezama;CONSULTORIO LOCAL;LEZAMA;BARRIO ARETZALDE, Nº 80;48196;LEZAMA;944556501;SERVICIO VASCO DE SALUD - OSAKIDEZTA;Pública Directa;NO
1648000915.0;PAÍS VASCO;BIZKAIA;OSI URIBE;TXORIHERRI;Loiu;CONSULTORIO LOCAL;LOIU;AV ZABALOETXE, Nº 18;48180;LOIU;944535714;SERVICIO VASCO DE SALUD - OSAKIDEZTA;Pública Directa;NO
1648000850.0;PAÍS VASCO;BIZKAIA;OSI URIBE;TXORIHERRI;Sondika;CONSULTORIO LOCAL;SONDIKA;LEHENDAKARI AGIRRE, Nº 41;48150;SONDIKA;944533141;SERVICIO VASCO DE SALUD - OSAKIDEZTA;Pública Directa;Familia y Comunitaria:Medicina, Familia y Comunitaria:Enfermeria
1648000882.0;PAÍS VASCO;BIZKAIA;OSI URIBE;TXORIHERRI;Zamudio;CONSULTORIO LOCAL;ZAMUDIO;ABARKOETXEA BIDEA, Nº 11;48170;ZAMUDIO;944521107;SERVICIO VASCO DE SALUD - OSAKIDEZTA;Pública Directa;Familia y Comunitaria:Medicina, Familia y Comunitaria:Enfermeria
1648000871.0;PAÍS VASCO;BIZKAIA;Localidad adscrita a: OSI DEBABARRENA;ERMUA;Ermua;CENTRO SALUD;ERMUA;SANTA ANA, S/N;48260;ERMUA;943032630;SERVICIO VASCO DE SALUD - OSAKIDEZTA;Pública Directa;Familia y Comunitaria:Medicina, Familia y Comunitaria:Enfermeria
1648000973.0;PAÍS VASCO;BIZKAIA;Localidad adscrita a: OSI DEBABARRENA;ERMUA;Mallabia;CONSULTORIO LOCAL;MALLABIA;MALLE-AZPI, S/N;48269;MALLABIA;943177120/943032630;SERVICIO VASCO DE SALUD - OSAKIDEZTA;Pública Directa;NO
